"","x"
"1","c289fa66402d05b139a37184d8e4180e"
"2","47e0463d97f67bf6288a979f3ff70bfb"
"3","936685ee710e6e0ad190df2c0e863f75"
"4","bf0c8fa75326dd2c6ed5575c14c9cb20"
"5","230fe9b9f06cfb26e80419c5bda4d5ae"
"6","49db984d738a8889309dfffd963f5a75"
"7","300296cb89902c1721ff71f7cbc316b7"
"8","406bb14741ded383380219611b8564d9"
"9","5e7894007198ccd65ab8b06f349d8ee3"
"10","bbc1f42b124d03523f023f7f393454ed"
"11","ba8a34138faff25a32e8fca2df7342d1"
"12","b313fb940989d495b780f97175df05f5"
"13","024dcc1ab6ba58bbb754448afd9c1127"
"14","b046711335716cdef88d26f9646ba8f0"
"15","f595b8c6a5da34e6013e66a7b1df5762"
"16","42a71f08b0a2fb67db2960c8c4d8cf5f"
"17","b5f33f6f2352ad79b066d30dcf8dc7ae"
"18","ec3cc423287ce0d25882127b6553d85b"
"19","7bc040e6541513e02d4271c7bd98995c"
"20","fc9e733cc194b0206c73ce27b804d4c9"
"21","b1af1a80952ec258954365b50210c96e"
"22","17530ec00471fd70fa6d006866539e02"
"23","a036560737386987d913ed48b9de1c54"
"24","a8cfe19ed1d77f330f9df9da2fdf4e45"
"25","c5b58ceb948a8075485dfd22e489d4b0"
"26","70b7ae4356f28a63be290fae8e6ba451"
"27","2df6aaaace1758c41b61825f574f2f4e"
"28","8eba914e1426901cc5facf715be4ebc7"
"29","ae654cf62429750cf78204887e0fff37"
"30","80c1b595420fb0b64c691687119da1b7"
"31","ff4cd0cbfeb683ea5be6c0ef1150f7e5"
"32","0898ecf188e8daf8f87e654b87ad9469"
"33","0e04215a0f16c8345f4e057934d2b2f2"
"34","59a3c8bf479fe3b50627c387fedc3ff8"
"35","30c7c7b97b782198a6b243fce25cff95"
"36","8b7bceda068c45609cc947ea794950a8"
"37","98f03b31698cd24dddc2d9bdb9fa98f5"
"38","d12143147d0e92e2df85416619e5cefb"
"39","a68ab6dae45f9d2c345d95e58ef905ba"
"40","b96e35188ee3b3a05508f414eb42b996"
"41","662f0b59e06d8467b01b9a2e0ec00415"
"42","65cb7bc1a7d9caae7fec451ed6077a31"
"43","02a5711483b3d6d91921179831561739"
"44","47685fe311957fc4463a3e17082c8d88"
"45","be69699fc39d437a17bcdd6cf6833e90"
"46","74e1eb191c2171aaa435da37c03702b0"
"47","4e11c2bedc55941ef28788774b579b10"
"48","d1fd39adc2d2765d61397acb5205e9ac"
"49","df4f0c6051658e5a7b1b9cab7e358bad"
"50","d68b9c862960160eb513d15c338385df"
"51","82d0638a24be881710a8464a194d8a47"
"52","ffce620616bff1f9dd0d781ca8679f74"
"53","b0031e1ba1c85e0d0565d046c3dddfe6"
"54","354808d3670d7708fc9e346e379b9bbe"
"55","91ac50b6cd56f716fcd59ed490f4504f"
"56","273156945a1812568dc858cfe605f633"
"57","3ab62723cd01c1a1730822744fc7f3a4"
"58","f0ea1dfe194a638f7dcce731366c2cd3"
"59","97bdd1b6f64c14be0e1a251ac6f812e9"
"60","8056c947dfcb90fcad2f1f6d751deb4b"
"61","c2abe389f411de1d494c0a153506e0bc"
"62","332e466be944b57690b0ce65064e7844"
"63","b1da85a195b8270c5c2933631298b6d6"
"64","3fd6e28ed3c460cc7c8ecad5264fd428"
"65","3ba6e2fa24bbfa16ae665ef92ecd1066"
"66","9a6bc4d1a4690946e218ed2489ee126b"
"67","591618330d9cce8d8cb7e14737029f26"
"68","e88ec73906480417463900df56958296"
"69","1e26c9c17e0b924fa802b68831634ded"
"70","b19cca789c1aa2633759d040c5670117"
"71","b3c243e81c3326e336da8fa16c1779ee"
"72","ce2eac6227c19d67a7a3989ed36784af"
"73","772eb8141d2bf6a8a2631ccdd9de8212"
"74","b666710a8316491e73d2350c1e988b71"
"75","0da1f7f6d0b52839c608e5f7c47c83a6"
"76","c84ab80cc34419ba137e7173ccc881fe"
"77","5c767f884a4ff349723937ca0022d816"
"78","722228addb3508491191aec4b7f4b7d1"
"79","6f33fd985ead96011a06d36da8c4514a"
"80","a74e51c96282fb1290a67c3aa716ecca"
"81","ccc29c5c950ff12d7c56d0be7f780653"
"82","4423a1e5e26350622dfb217abb772b94"
"83","961834578b19b4e317cf83976d17a6f9"
"84","2bedbb100aa2df59ea791dc611047ecc"
"85","33593c865f82c7e565130bdfb5005aae"
"86","9218f1d94eb6e0cc5ca1fea4675035a0"
"87","96060e00707f342f3dd8a5dd1f6ed27e"
"88","98d661a6fdad2b9048523e76c547fe8e"
"89","e829d54e9fd858af03702e1957458392"
"90","1c823c2d2bf1b39e2f8b6a65f9e246af"
"91","8c359816c2b3df3ec05abae905e4f39b"
"92","8c7bcec0f3602b154a70ff7a52d106f6"
"93","33f9f241a34192d2ac453c64fa8446af"
"94","badb6766afc010cf85b7c226e4f52068"
"95","a6c7460e7bf8921d49c6535209865b12"
"96","7ae5ceea440a7139c46e5e4fffdf3194"
"97","fd97d95b128fe3b3d3f092a7db29f0f1"
"98","c2f1c46d5d9ba636dc2bf4024799b43f"
"99","d2cf348b1996520342ee180358defa75"
"100","cc847a921391dee5c00bcdf53baa067f"
"101","f91d19cc683f4046e155255156508f9e"
"102","7226a305817b0d7c2095fcac5593bec7"
"103","6ae370f4dbf60f62aa833c0ee836dc8b"
"104","8cfa3c7974dfd9aef152d254d3e645b7"
"105","b327e7d2792415332d628d882f93a743"
"106","defddb977be8ffd12521f203dd93f0b5"
"107","c749b702e35ef1e8c5c3b67a26aea499"
"108","b09a4e7b2a8e39bb78431e2c2a0264ec"
"109","d6adbfa4116f743ece941dcd28106768"
"110","a224b828d447f0016ef847de81aac359"
"111","4eef3818737bdd86838e45d6c908d7ad"
"112","b214a900d902a8a5db22daa0f0a28918"
"113","7b9fc16101cdb051a3654894dc333eb6"
"114","54358aaf0b670d23735bc2b2abbc5e2a"
"115","539d047f6651cc9e7d8e9629a0674b84"
"116","287c75f6623fdd336b9b0deeeee41c6a"
"117","3aa0c33eb3471fd4cb089b2146a272c6"
"118","4b1493f3d0600576314611a6cf0ed580"
"119","6125d80057666d6e7f8c240874a55183"
"120","3219b2baf0f6e457bc2547906d963325"
"121","de0de902266e2bf28d116df88add12e5"
"122","98a60ed83e4dae29f016ceaf71c841ae"
"123","108963fef1fa9e3f54f700156dc1b501"
"124","b3232941af3c2053e97e9e6f96eca5f2"
"125","8d428a692f06f3480b4d5f17b6e7a8a0"
"126","ab029057d46d8c8c31cd71be044dd810"
"127","70f2bd19b90348f50a23b1d7da119254"
"128","3737e1f786e4e8ecbbbfcd36dd3f4209"
"129","5ff0d4f095afa7e96cbe009e74afc129"
"130","4cc80d1e3155033cfbc0b97026694c56"
"131","60d13cf766dbd3555c9505997b975010"
"132","b3218956698945a1733d7e09a7f659cf"
"133","b02b900bba4a04226e37aea6f9c791ad"
"134","4ed9c39326475836fb6f67c818c7d26b"
"135","2b794ad1995263183410d99f4897c578"
"136","19ac2385d90891351cd42951385e1056"
"137","8da16a79d99c58a7ede986d03c31efb8"
"138","edc8d6616b2b8b50d1acb69911bcbe5c"
"139","168a5a3aff24cb92ef6d46f892db38d7"
"140","db77298e1b63f9bb470ab892fe47e049"
"141","8f35795eaea3324fc01335c16407bf71"
"142","eab260432aa28c73b6694b313e785d98"
"143","7335488459b9634e521e4270f8e96d1a"
"144","908620206d3c7b504bf381fbdf8da956"
"145","57655b8e401c5b5e5704f28cf244b59a"
"146","5311aedf6703c3639546728d7db8a830"
"147","b12539d6530232e6218c5950a64fed90"
"148","5abb63ab02db4deea72cfc9aeae9074d"
"149","8d799fbcc4ed9d8270dd4e13b82d3f26"
"150","5730f36fde6f73f0f9861ec4b231ac89"
"151","ccb99cefd0474ba0d4a6cbfffb08235a"
"152","0c0ddc898542f2d3d9add5dc8ed117c1"
"153","617ed3a42aaef3c651a1f1fa9fd8e029"
"154","2efc02e3dcc1bc0c93da2c1e0781cf83"
"155","3552edba5363b4e7ec0ba746a051b1c3"
"156","bac8ad8f55ebc7b8d18335f7ac35261b"
"157","7a16eaf5c886f0cc4564a796fc00158e"
"158","f0a16d2af3964c7890b7968b48f66993"
"159","e01401d5064d87e9180f8d153699dd9f"
"160","bbb652d1428a2aa2ef103fe522f0d69b"
"161","8fbf1cd1a31f69459069079d4b7612ba"
"162","2f7ff4f905af99bda930ddfc172e61d8"
"163","cafd4748c76b6dbbcfffe23e4a926f5d"
"164","2919b9c64504ce85cb95f232d971feed"
"165","852650ac6c00146e1125708c754ea6d5"
"166","3274ee6980fea3719f47afbf26ced904"
"167","bf0d5330165d150a543e3e71b470a038"
"168","8fde6be8f5a9f2ca24b099fe22b8c0a6"
"169","12f42fa486680b7217dffdbe1dd15b56"
"170","665c23ecef31151dc634da553f0c0db0"
"171","14f408bf51d5f4c7e9405a4d968f009d"
"172","20741ceeeaa256b9c9f6ba726bf58205"
"173","ca8281ef3e8a4cbdc5ca752756f2eeec"
"174","7739c2a3daceac422040fb2704460524"
"175","d3cb4536852003c9667cd2fc4b4880ae"
"176","89cc32617c43cd886048e05a9708d217"
"177","a51f7f9e6972be4f91f2088d4673094f"
"178","499d4947cbb04b847c3258607219afb0"
"179","fc6d317565b3ab95d25e4084776a2a10"
"180","06ace7b5db32e2591a9a18e667185e4c"
"181","c7fdfb601f91e1afd08cc524da8b7c81"
"182","b105e1f093a32c9e7989f457c3852feb"
"183","5beabf1c6c5e63055a95222e860f7ee5"
"184","37ec4966f73563b07024a9bf3f4e9abd"
"185","fc3f57450eaecafdb33a7ede70479ecb"
"186","37c72bb2ee6dd827a232266276028c3f"
"187","857826268791407cd40f863f4dfa5f2e"
"188","5ada73f3fb6fc333bb330d2c3a9aef31"
"189","1957d9a8d5edb006f44b1a2a6a7ca83c"
"190","53cbcd5dcf0d81df81d3bcc3679e5caa"
"191","121c9236f310dc31540e3930289b035b"
"192","741f7493173cfeae573616646b7e28b8"
"193","5e7ecff18461a37330f29e9fc6a37666"
"194","ccff7d1aa0b3c6e7df041d640498fb17"
"195","3862487d0c7dd96825ad03b0d9d6f9cb"
"196","5c5db100557cacdade04dde2fe9e8f72"
"197","942669e54bf3fea791c5e08018b7d60f"
"198","1e7114182cfb21dd3598e19dc3293bbc"
"199","b025b42aacc71ac690755e745fcb31b6"
"200","b8e9ac5261d174863beebddfc00cf43d"
"201","66a364ec44492e4a09c37846d1fcfd27"
"202","9bf6f9b9feb35982eb334e5886132d6c"
"203","4e1c50dff86daa207e1c77822367e6d9"
"204","19f2ef9c3c7a27b080e2b4df515a53c6"
"205","5656bc8aa2d6a276688750ff802804e1"
"206","57d49c981c51aa6cbce5d025e5dfcca8"
"207","e39ce2cf76ea3dc7d8e11c1d53bde6e5"
"208","aef2984d16206405e4817a83870b8143"
"209","ff2cf06a0c8419be913af84ed863fcaf"
"210","d423439dad21e34a8178e0e4207dc433"
"211","965b8ab476a079e53aeb971565ee7099"
"212","3fb9ab2944a3708bf49eb7edc706fcea"
"213","f80ed9f3407a1fbfd37f391511ac0244"
"214","566ae08a8e68b2e5c27447d82ed03cc2"
"215","4b9b33f6ce088ed344a11a7d0dfa36c4"
"216","012767919495fd14380830bae15e8da2"
"217","68a1963400ee9be05242c2f8750bb17e"
"218","f33368fce5b8812ceab601282f2991d9"
"219","85669df5ed9dcee27481caf4df29dc2c"
"220","f62f2d60fee9310bb287fee7fb57770e"
"221","c0ec873691857906d52638d9fe4b79bd"
"222","447be3445fa28040cc8ea8445e12b54b"
"223","da8432ecf43e29f60c5055bb27c6ffaf"
"224","a895d297cb5f193ac2519a9d98301be0"
"225","c40542f4765170a932e92efeaf074a27"
"226","e8d84351569bd995d7156b5551f3da90"
"227","691426afff350c8129761336363d6d83"
"228","461c22847d2b1460957eac7ce8a057d8"
"229","43d7f881bb0b14d2a45d2eedb7b76ca6"
"230","8486e81b4719037dd82105ac797d555e"
"231","1ccadef22ae8339a5c62cc6c3ee5f509"
"232","63c23dc3ad51f2b4758e3970d8914529"
"233","ba5c9bb82c9d8af2dbea2995cb2dc56d"
"234","329d93907702b7be34b83e40dffeff63"
"235","66a2a51b78f4b855f805e2ba342940d3"
"236","d85aa2221aec82df250a1c5103f1cc29"
"237","ff6a1e4e7dde21a725e23cdfdaf58603"
"238","2a633de2576486718e303ca4f8e29742"
"239","283efb099ffd4f07df26e5c04b3a0b3a"
"240","41faf3e905a9ac7b2b9ddb7e8d3f1126"
"241","23692678fc9524b00d98193806ad752a"
"242","a6cb85bf2824a28b3d4e88b56820c36a"
"243","f70a9736f375ccf8627865392e2ae5e1"
"244","e0f7e18f1d7a470abf8eb36dc46f7485"
"245","8cbcb5c87de9f91f33205db3d9440bf1"
"246","68e95f0645f90de5e43daa86fba7b080"
"247","aee4d464348c351f87330614efef98fa"
"248","8fd09222ac963751dbaaf50a859b262e"
"249","50c288db4aec8aae4466fba589222bb2"
"250","f4c80b57815353b4d159d70c24368015"
"251","b50107c2f870b51751c914b9a8e68b83"
"252","ec94484a54f8505bc064d6d08339a51e"
"253","202cc550895355b9a04e4ade16716d6a"
"254","e413f043c041cf47bcb55a384bc1a35f"
"255","876cd459653fde8c5079652e27f967d5"
"256","8f689e2a897697759253b4379c475e53"
"257","99ab254843ac7b9160de99d33d331ed0"
"258","2eeef974a7749510fe2b37a8e4b056a0"
"259","99d020d7bfd1158e76710c7e3810f5b7"
"260","fe64aaaa348e0cab2b5c2ee4d2c09d5b"
"261","33dde79b36294f2f559baf4187624a43"
"262","2a7c982c2af57189ee3b636bc4e72dab"
"263","cb76d0b6928380cd134013d0bb2afb97"
"264","3a76aa4e8c09d42f250d3b3c5823bc0c"
"265","3436b9b22a4d41d21360701deeb03e38"
"266","fdd14f52f585c94927f503d37b04f598"
"267","875445b4cb3d3e1a2ecd0127923af2ce"
"268","3777c1a4c49bc4944fae246acabb1f22"
"269","3e0ed4c1c834a7d6e675df18b866a169"
"270","d70b45626044e2c55e53c0a1417f5800"
"271","b43405703470aea01419f4802d69a13f"
"272","f27aa89abf709a648ef48da9af7c433d"
"273","012164d93f665dc288cffeaac400e065"
"274","24e7bda7e56fa1cd7062a08edec1c8af"
"275","35de336318821aa6b730cb72ae3656d3"
"276","5e796d9866974ab436fdf9f6d4343ac0"
"277","14dc6198167ac600403d068af5190c7d"
"278","0d2e194b0d5a0087d25f18e59544f55f"
"279","0e35ef954c91289f92cadb9b36a2644d"
"280","8cd3e5fc55eabd6f51c58498d6ef0cf0"
"281","946584ed0c3682f1e06583a6198a2392"
"282","744a948d9a95378f7f6e815acf073f26"
"283","43b370ba0f9ee6f6d22ba79bb15ded9a"
"284","e959ca7e36f32c92a779869667dd9e1b"
"285","37482ab6169f605efb6e6033a463bd5e"
"286","8607c5e7977bea5c076ec51908d4fec0"
"287","d01820d3af158e09998017d48b0951fc"
"288","acc0cb36d90340cc6e02d84da90b1b95"
"289","3c54d87318eb02a67812490e5b5d5c24"
"290","bf70f071206815c8c524eec46ca25152"
"291","4247c2300ee76312d60dadcceb0c0292"
"292","8a1a1f6cab18c87270f2ad4665df427c"
"293","b893b6455922aff5de1a25b659189a9c"
"294","df5d5cb688f083ff1b7f10975a696958"
"295","d53fb30bcfb6dc2c06dc76921e7c8003"
"296","964cebfa28214e5b26c89655e99d0be9"
"297","3bf6f3236b465a30e3dc54accb26cbe2"
"298","e35a8b96b75918b586187edef30deeff"
"299","34884a5e666c06acf49242a217fa95af"
"300","06bd774c997f5c265447902d7c8cf409"
"301","94372646c89210d31cb02cf51eb5c891"
"302","95da5a992b525c17fed2bbf7714060a5"
"303","16e3da9d1675dac268208f0feb57c9a4"
"304","0b8d414e60339117569a60ff2498bd35"
"305","902de1da7439898d807920f702a8ff7f"
"306","b778d43959ce3bb3a986b89df1bfae0f"
"307","b29b5f4c52e28878c7fb065aaeff0ed2"
"308","4ae4419bc4e746e29fb33b0834d7c0d8"
"309","36ffa7f9ac925049b46a57c01bd02ede"
"310","c1e6f57a52cc2266bae662fffb73f388"
"311","b5e89f6a1caaa833ed21f011f3683fe8"
"312","3ccd5f0719b1538668c4e172eac445a5"
"313","6fdb900d3cf42660aca856babad97469"
"314","e12270ee12d2ec3a3218c77ae8e71619"
"315","faacb9bd011d95b16d0a7bb0cce82c68"
"316","86ac70507e85cd1c4002f0d97c6b1c78"
"317","52f43f288d11b5234baa5428e82296f0"
"318","6f66a2d5b886c955b99ea725cc12d6a5"
"319","15fda2b7a72bdcdae13d08eebc034046"
"320","f7900e66dc94eae55048825528ab9423"
"321","9dbe823373f8f30ea2226bc2349d85a9"
"322","6daf54155a737afd3125ba72605f6457"
"323","1ddda8a7f4103bad244a33788cab338e"
"324","b7a69b066e64b08a80c4ec7b7b51bf10"
"325","c12409ab07417316e9eb094c8b66b2b8"
"326","c08d0934f76662947b2dfde9a4b874b7"
"327","d82f12030efbf2646e483d9975e07a2b"
"328","6d146cbd6e4ed3ebd7f822a3feb1ddb7"
"329","3c8611c579c390a932420c1eb0e87f9a"
"330","8a23238862354d42ed66e13dda6a7508"
"331","0f67af901ff39a9793343945d30c4df4"
"332","d086ec95b1de2855ffc3de91c8b62a96"
"333","61f44948fea3e931f6e00b60500192b3"
"334","cc9f96bdbe30f4f52f6465bd1d1cdb92"
"335","0e805246af59fc41e7c5f075f8f15c91"
"336","0949930e9a7811216960797119fd0a78"
"337","7c60bc7fa4d6053861d720b22a564fde"
"338","33aa28d034ac52ecc466936d7ff2a154"
"339","92ceabcadf11bd91302ff665b869192d"
"340","6a4bd401e3a3e7e67d7aba681159a85d"
"341","7dd513471c3274c39f4d1922d9dbdc22"
"342","b8ddd90150b3db57d33b8c84b981cd0f"
"343","50c9b3c8b0ddf8735f65937ee5a92df2"
"344","bae730022a8e96ac107e1e257268ef66"
"345","b826a4c282ad4f49f80cb7af0eb70908"
"346","2c4cfae72bd35a31ff03486b3c78f1e4"
"347","4f04e13628ec0052cc8f97f1b609f18d"
"348","bc3a94f6c59539be709433ff31228362"
"349","543e81c8a757e78d80301791e6d0f6c6"
"350","3222a5149c239e2351957a08bfcda5e0"
"351","bcf50a9427b6b3eabf62d7d4bd69d6bb"
"352","815f661227f36bb50c181fb4bc279e60"
"353","281994265b37774cc72ed4fd0561e394"
"354","71885087dda3ffbb29ac75b472605822"
"355","5d3a4497fdaefe316a8cd37e24d81ff8"
"356","65c628d8c4996e8a62d55d845a92167d"
"357","228c61452254210cf817a5ddfef48f89"
"358","2a5267d381ec10af2d79802acd9d5328"
"359","cab79bad4bfa47797bb581a2b446f830"
"360","f05ad0b828b3f0b6d99927d56b1874c2"
"361","914703205affd6cc5d90b3403dd39cdf"
"362","a21681f21aebc871b241bf67b5c03e3e"
"363","7c71e88d6fcb42b43864827470b3b872"
"364","181936b2596e7dbd921da6a20afab6f9"
"365","79eadd0770e3cf8f7308b7b0a9aaa473"
"366","5a8146941a4edc485ceefeb1dcc0b88d"
"367","1b0e140849ff6fb34c251769525b6755"
"368","05dca88d5377e51399436097823b848e"
"369","d88fd76f3f3666c99de914f6f3294df1"
"370","ef370d85c25c9545fd78887b6c9ee9af"
"371","f011b6712018e68bf338367ad6596328"
"372","5f831106d9c53bcf13d96177c8519c50"
"373","e6173e452880e46b03dc2766f79d6e0b"
"374","08ce01e71044bcf6335db0b664c0d0e4"
"375","11130f3b9aa9d601a02aa02990f4870d"
"376","db1975fdb316a2e33dc1a814e751f59e"
"377","0edd1294fc2810ccb47c42b81c006e4d"
"378","ecc500ec0bc6764b1b911e74dfb59097"
"379","4f948e41bc3985cd6b36ebcc7729928c"
"380","695e72cf6a7e4bb6c6863097e61ccd5c"
"381","84d96050f1dc7f2c166f24b42218680c"
"382","1ac9f38e8c2a23efd68b1c26cac83b4c"
"383","2f5c219757ac6ef350ba15c2c366bdeb"
"384","22d6924331a92bf00dd3f57a34ae608f"
"385","91d61948db9867c4f817d47619f7d357"
"386","b05a0eb5be8d907924eb012a10bcf8db"
"387","d669a4367eb3332cce80723221ad9dec"
"388","dae0d1242621d7041c241bd87f8ecc05"
"389","1d41a23aefb1dfb1d399d50a97932b29"
"390","6f952f7645c4f9c7766eaab226703076"
"391","ae08df2ce2bf32df2e5fdd1ad929ba76"
"392","9dd554b76727f1a7b89d74e4cda4bdbd"
"393","fee7a135ec3ec81cfb008a9f7abb9b22"
"394","5737adb8cadaaab2306af3bc0e174c7f"
"395","74a9779dd9caea486589730acf2148e1"
"396","9a54b6b7a6443c6d174e45e98603dc1d"
"397","4b9b59a42d0814312300714f78124f3a"
"398","4d096919b2baefb5f8eb7f084f7d9085"
"399","e7007f06152961ba354745ba92e2f390"
"400","3646e0cb899d183ff12c10718c7b04f8"
"401","32fcc3c6e2c7f4bf219cb57137b8cfc6"
"402","809b459921b9e7afdc91be215092e12b"
"403","d9e36577753c4a643e470e9edabc2bbc"
"404","db025c6fa08547d752e8eb8d91be0f42"
"405","edeb1288254924c39c6823b669b7b6c8"
"406","5784d2b1329485ea1aadf58e166f79a8"
"407","6a330b1a30a1029c6a24de90aeb9650d"
"408","428ba5f2b00fdc1e919eddb495cdd66e"
"409","1aa012a3a1166ef9d2a26fedafaf49e5"
"410","e3701b568682103256a897e7da7ce96b"
"411","d6fab9510d69e74b1d874af326ccc049"
"412","69c5322db8257d53e8d3f99476b6be1e"
"413","055c9eeddbc63597d9ab48ea8f3a17fd"
"414","1a4c3db22d04240ff4d33675964a7c07"
"415","9002ee0b1458ff59a5d542ab94c15cee"
"416","4d5361d68d4b6178575df5bebb125528"
"417","da1b95016f49671398b98ea83cd54ee8"
"418","a281b68c254e4c5b9f2e69b5cdeeb2cd"
"419","031a6464af7c837f39e4336a1dd91141"
"420","c2fa4e30d7dd0a0b2eb905b8415a18c1"
"421","a7931ac179e9340c74457ac150ed8b67"
"422","02e0e1cda1ef661c106ca7a742f2a82c"
"423","b6ca369430724338415b0cc39c521d0c"
"424","092f07f2a17b333f92b886afa1b534d0"
"425","d152ef693ad14d599dc622ffc8d48ee2"
"426","8996d6e20354a239524d3234c2d2d6e8"
"427","73ace522ae22ee301f3bc4ed2ebff5f5"
"428","8c16088c6ee421e69d4d06e304df7ec5"
"429","d1a247ee89a9bc032d6297ba1b7a69c3"
"430","a4b9793495153b86518f2d73dbd97dd2"
"431","8ec1ae9c9085b7c2b8180941ffe6e15b"
"432","636e4c0284e24fbe4faaad8249985885"
"433","34701e303e4cd3b732d5c698297b03ca"
"434","0708d901b522b3971c9500082feefd62"
"435","07b1a31ad25ded00fee0cc6006820b58"
"436","772838def8614d7d879425a053f6cbf2"
"437","613622f769b65c1428ee2b89fc2abc50"
"438","e721377e7a5dfe9ed806494a49b68f87"
"439","72505f9411191c51c36c398f9fae3c9c"
"440","2ae3fd3e4836a1626b8cd96d51239f69"
"441","0f873f61f8e43a2a53429be76754d472"
"442","f588f75e97e12e5b684ab605cd0c32f3"
"443","b098a3a345100f702e79acaec802a639"
"444","85c99ef7ec0feb9613c2cbd9960d05bb"
"445","e83f1331d831957ae3c6c0376180c944"
"446","3d868cb8c63d0b8dd74adbc12f6dd154"
"447","e0ade9c261de9d84bde94528e58ff611"
"448","f7be9c2c42d09f19f11bf31106ae4f19"
"449","4d5cc7477dfe88b943397e2efbc869f2"
"450","6212aa2e44acc2afdc55401c3b5579fe"
"451","5f355529b17596d75c5fcc2a263f5ab5"
"452","47afd3208a2742ddbb91872ea88a6334"
"453","558d9745881b8379f4553fc42b83cccd"
"454","93bd2c0cbba3418cf0f08041c9144593"
"455","bf1869a233061a8bc520dafc6f0adf06"
"456","44095b9d0c379f3ca649b693174bbdfc"
"457","297678da5cdd4560b181be93e40d8e3e"
"458","b3d6bc350e0c3f0784fda93d0f18d002"
"459","ac8c2423773fd1c7415137bc9c5873bb"
"460","4c19a0eb78e4c7dfd400538085248690"
"461","13f195313f60ce69ff1d3f24e072cef5"
"462","ccaa1706b36d39c00cdeefe109b95100"
"463","0a474686e6615f230a75dc3b07db3cea"
"464","933022c5d1d9304da886a0637c5b21e5"
"465","bb2e00b0e1d5967e317c01fc108fbb43"
"466","04624781bedea87902af8ece091098d8"
"467","1b2e8f6c32ad7f165e9fd45cd9cb1968"
"468","52825bc2eae0c2aaa70700caf5a491e5"
"469","7561219e3e5c8117e4643a6ce162a83c"
"470","0d5afc84ed1d93122af51ae379e897a4"
"471","8681356cf29f71fe5928775a0f846d4e"
"472","d0cca14455cd3e25a9fd70dc793dfed1"
"473","4155c0e87dccf300c49e963b783fc394"
"474","982fc4470e8c79029b9ba8a3ae883857"
"475","d4538fc1b277707d3777717532e43e2e"
"476","00261482f21b019fa05f1137e7b28a4a"
"477","ecf2f7a214c8b6929d8c5f6785f996ab"
"478","90c7927d6b76026951d71634254cdb4f"
"479","500b518c12bdf4fab7dd5a02887f086e"
"480","4801416d0b718170ba5bb7218e243280"
"481","32c8a092ecf04c0d3b95625e650bff9e"
"482","385805d1a4796f8258d4533beae0a62b"
"483","26c4bf94339bbcabcf2b9e16f24427c7"
"484","1c137bbf4805fde6c2c69690ae37f303"
"485","2b3c3d1f367f316274c94349372be56f"
"486","92012c968111d46b0460db477182e283"
"487","e8445e0b9c8d35e2a59579a2fef6dca6"
"488","e5a35d824858b0a8c85ae863af9caed0"
"489","d8e8cfafa9d41c032d2905d3b126984b"
"490","ba0303cf0d7cef56a010656dc12b868a"
"491","c1642fe509dc2d9e59ae806fc6817820"
"492","f3d4dc72acde286574b3f27c80f12102"
"493","d73f7b64e64e38532e3d841879160bb7"
"494","8e6d7c6198c9ed087286d5028aea9249"
"495","710697e680194da8c7fb8da69b0e5b43"
"496","b21ec3ddb3f3e4e226854c8856a9e300"
"497","79dcf9764c6c03f92472e5dfeb29da75"
"498","b4d3df983ed6ca0f0e6481031c3d5bf2"
"499","a0c3f9813d3b118a39c64501340c80cd"
"500","84db962c29105bd1d38d0ff8779ea923"
"501","f83fddcc63e6e2369d82a0dbdb204cd0"
"502","4be4ddf73d176d5e3ffe5d10c17cf499"
"503","42cd59d539b4edfa4ca8128418cca49f"
"504","d5c1483d48b6c462c3f172eabe06c323"
"505","3c91451faeb83e3c0541c84f972f86ff"
"506","0488881eda9d6a04dc611c4a4095d328"
"507","bbed34ac402f2f72d6dca60da3133fcf"
"508","3919397797fd704974cbe1db16fd2911"
"509","9acd0ab498b84cc480e846dd50595d25"
"510","c735be3664999216b6c04fac87935dae"
"511","866a80df5daeb407cdafc24ce56f6b1b"
"512","f56cfb5ef84723234c3feea34e3ad607"
"513","d190e15d42e8ac72e7eeb1b870e94d04"
"514","8ce7d5b4b52e422fbbd2d0c84e245273"
"515","bb34c69f67539a44b2dccd506d601c75"
"516","e6ec87c954d7ba77caccf903e3ae6e7b"
"517","6a4b9787242f1ac43cb86a0acb140094"
"518","cebbab97aecee9ef92d0c993cd29193a"
"519","c4512359dc5d146c7e67ca40b2d1d252"
"520","d79ce9ed5e752197c185b0c933cb8621"
"521","af0973a66b699a3476f0e6e28f5ea6a2"
"522","738271e245688a6eecd5db6d29abd188"
"523","9c171880332fed16f330332de44553e1"
"524","34310a041b9c4623779a2c4685d4cf0a"
"525","290b822668d8d62638818cf065651b4c"
"526","cfba9969d696889323609f3bdfb0a189"
"527","22c0dfd12befa56bf63e7cc3c27aa115"
"528","0e09b29458a4259302ee704ea3d4930d"
"529","58a1c069c326a7dc7ff115e06d1684d9"
"530","b08502d4390d5e52d4ef9c2c295d315a"
"531","ed99c8e820f65a0b534c04f57dc55fd1"
"532","df66c89ab85d1adb98a8227f09f964db"
"533","a6bbe5a2d410d61614c38c7c2fcefee7"
"534","bd83b2c991eaeb0d58be9ace911bea35"
"535","30baa5aa95283e878cb3c44b14482cea"
"536","c2dd9b94a60afcd26779ec0032a03ebe"
"537","b423f224d41d036bdd46ded9485cec8d"
"538","6a181c0b74e7472cab5e0682d687d8b2"
"539","d70a2578a9b6acd359dc89e24e6893b0"
"540","b698fab8942b66b4db34f3466010ac21"
"541","1ee2b5d8ad83e737cf17432a7c4eda97"
"542","52cabdec57d89b6398eee15c5fb93006"
"543","af4837e862b10d7ddccc1b0885fc77c8"
"544","62056fd3a3fa295cbd5a502d109eec14"
"545","7f9b32ae7899c455086a089a6ad7c7bd"
"546","fd41889391abc109627ee7d5219d2645"
"547","85a910374c4aa982d970d2a0b3769167"
"548","eefc6ba52ad117e92ffb14cf398c73c4"
"549","e0c838b899d07f01565b7d94ffa7f24a"
"550","76ad7fd1ab04cc77ec8b96afa7ee4ab8"
"551","21cb8273f2960d6f660100312f70c90d"
"552","b2b560487cbb77a94578baea3fdb6c9e"
"553","9c41fdc51aa94087451ae96e459d99df"
"554","f8affa763ae5c4488bdf0e2a29751164"
"555","eb42fe743b1f9f4653220363ff3eba87"
"556","5ee014749f2b8a6a491d58d195647b34"
"557","12e27eff049c4f92f4266298258175ab"
"558","23b1a5d62b4be8e531754f6ffe4ed062"
"559","3d183568601ba1ba468ff29659742df4"
"560","eea97472b770fab35022d49530026697"
"561","02905a5c1f922e04f5c42da23de219cd"
"562","78e8f438a96726b85a8d8c7324727339"
"563","cdcb57762735f1679431c2d079ce1a46"
"564","c68651d87dc96adf844e760ee9175cdd"
"565","94da3ba8f989525d0055fa3ec9125410"
"566","ef7e973abe8c284f1044b2d6850d981b"
"567","1509f12eed755efccfdef044d68c4227"
"568","239492a9bd08c368a0846fc1fa14540e"
"569","ab9e421f0546edc3a8c2bc721ef6f193"
"570","9369e6113ef26fc88e156ef6019b8569"
"571","48cbe11ba4da52a7f5c103aaefbe01d9"
"572","42e727aac3608cfe7a7b8187578c3552"
"573","c80020cc3806036312abc0a91be7bc84"
"574","efd9be6e5ad49f28be30f42932f882e8"
"575","6ce8db6d8ee1fdaa3e32fbf15415a65b"
"576","b0dba0147194c2bf5465c38eaa04e559"
"577","d28df762749c9febd83c4c5b1fa0d876"
"578","1b1742d585f5f1ace45e5ba9a92ee07d"
"579","b4920ec900c0b6bce713a5f61ebcd38c"
"580","094a06e82b907ef2f4864ea4a5b06984"
"581","2ef103f9a4973d6c7c409f373a967811"
"582","32769a9cdf9984d0acd50a3b3cb4b5a1"
"583","2625290899b205f7d8a3a6a36a4b4430"
"584","913910085577b60c29fc5676fc4e6e8c"
"585","9bcbae7387527661697c3723be764066"
"586","493bf317ab2eaf94c992debb88ca8a7f"
"587","ca0c8ef8ba8fea4a7cb3afee765a4fab"
"588","cc478d7c19d4ccfccdbf2346a2b630d9"
"589","14736105b6303a9d6339c20f3f426caa"
"590","8f05399adcba5a417ceb0ae77546c36d"
"591","c0d135a5439f71cc414c405cb36ed08b"
"592","16c326c1acc8d417bb01e7ac3f903d24"
"593","cdd9620eadf9f02c6b7309829bc11416"
"594","5496fc2322b7206a2e397820bee6fb97"
"595","d6c1a903ffdadb77f28c4a9690cafbb3"
"596","695aadae8a05c4f429762cecf185788a"
"597","85c73d9b44c88d07257ec1509b44d279"
"598","0c72c6477f948997f72a7d3e52b8fc5e"
"599","7b3b6816a0a276a4cc6471da8f845503"
"600","c9d76145d803bdecdabfe8ddc0aa4ac5"
"601","db5225c9a18c27b63c92b9c179b14a1d"
"602","953f3b42fd9b67b6bacf14e22596996d"
"603","8c3a78216e2791e6179ca9dfe1d0ecbe"
"604","2beb3af1c7ff0d0c26c7a534fb7ba99f"
"605","1800b0e4ab7fe914031e4b6bcecdc70c"
"606","13f9064248de93538d3de3a967028a34"
"607","347034f05949d0e70a90af73d0233353"
"608","8b32ed3050364bbab087b0fdb1d0f3b4"
"609","83bd0cb9b9e313ae5a863dcb031a23ac"
"610","150be4f2a69901475ba669b88c930961"
"611","4dee9aa8f4beb81183e0698c518bcc05"
"612","a16a4c3a7c384919224460516d74a306"
"613","9b3aca5f62da0acefd9a5442c4ec25ab"
"614","28ac5a5eb85765bf79f6679917046492"
"615","8f4e386c3e1b6a61879e6894a0ce12f3"
"616","467de37425e029f2c337c02e5780908d"
"617","eeef444834c26b462bb713af6ad5768a"
"618","b3ff4af4acb66c941e0d31610d07c028"
"619","37bd09b2b465c1eb167836d29ecbdb62"
"620","181bdc919ac6d9dd2b726c7b7719264d"
"621","e3355ea291d5e6bc8d6b031f883d1ebb"
"622","fcb0229511bc4a7386db722478f950c3"
"623","3d2349ca0eabd01c5a188130a2f5ac9a"
"624","ee81e653a01eb96963cdcf5050ac6529"
"625","d7676849144b7e62e70d06262fecca34"
"626","a2f63ec952f41e13fb49e81bc18b5d67"
"627","3760e1dc12a00916fe6bc43b8e9e9a56"
"628","c1fada7e27ed7a4f3bdcb9f00723721c"
"629","f06ec3db00d0a1212d56f93d14bd8f32"
"630","1e746114d0b7e6cd5b871d7510534972"
"631","10dcc2184bd1bfaceb21fd147dc3241a"
"632","ea596669c85727a2f13e003100e7717e"
"633","0032fa9e7bb07ae8dd0a4958274ddae9"
"634","d4bd2a326f97e5865679b4dc064694b1"
"635","260029fb270dd22539ba8bfdd4db2015"
"636","956cff438b3208bf0efdb480b4e74e12"
"637","f5ee29275ceb8b92963977275373f22d"
"638","5c78db514239bfcb82235eb534755f78"
"639","6393eee32af2c373d3177b743ca57fe1"
"640","67dfe0ab6f1b266cac29bf818d4e42a5"
"641","dfa9764856d8b63a9e12c3473d30269c"
"642","b43e1ff75aff8880a846ff7f3043c4d7"
"643","02f6c2f47956bb9e0f1f3ed1358bac50"
"644","4f273509d7aebd3843bf6ab229aca829"
"645","622994d1a3b21bd9df22236d03434b84"
"646","224a096034b4bacb6768bde59de62dca"
"647","86215bfc26ab6967d26b6adcbc011490"
"648","2caaf9a033d65bb23034c52f26cfc08a"
"649","f83fcf47dfc5f38e414caab3e4f2f2d3"
"650","081632dffed22007908cf51af294502b"
"651","8c759af3c4151ead0c56e2e97d0c510e"
"652","94ca8d108f4ddda42b79edc5fc66814d"
"653","bd6e2afd311cd170d79defd15fd77ad8"
"654","d392a3faa6434bd04030546f428dcffd"
"655","71de3ad32b2d9e09240a4f60194d71d8"
"656","8a8422a48c5c2e396f99df4c9e60a412"
"657","60fc80b0ce9b3ef44139fc3f95d7c0e9"
"658","30802c03ece8a82f1cd016021e77420c"
"659","fd65e23be7d4ae1a7ba1de401de31ff6"
"660","adf072a1feaaacf04cbedb230eb15891"
"661","860949ff620f7995014bf3736ab13974"
"662","f9aeddd48404b7faa55fb36dd5cb1a4b"
"663","37a8596d93daf050f5475ff7b65bc470"
"664","ee7d879868f6e2a04692c147ed497c88"
"665","f655dcc6161bb6ac93e161c8cdb80c60"
"666","c89b479c06880bc3d2f9a4c2631e6c01"
"667","ef2bf5bbbb7ecbf36ca159b730293225"
"668","5ba3f1fabe3b68be4f787acc2eb31fda"
"669","3140ae3c194588a4ac498d17da2cd345"
"670","8505ce8aa52610c28b58d7ecf4fc2f1a"
"671","9ae655bf53d2e63c0e30a473f3e95ce0"
"672","afc2b4b7aa26b279b049f2115e846b87"
"673","e503f09fa03c47753777415f5c738362"
"674","959a97aba506df6324155f5d1fb5c7f0"
"675","2acdb4cc6b46831f40f308cb081800d7"
"676","4601afaafa3da02f5e0e972d9dfb2e6b"
"677","1a01dca998f93882d0290802a579c464"
"678","a4c9be481e6bba68cfcc839c1b1019b2"
"679","325800b68c1630995835084d3e1de45e"
"680","cbb31ec4434c6fd3883a9c807ac67c21"
"681","87b66d169861236181e60e3ff3edf5d0"
"682","edf69e9168c8dd37c91686aeeab2d0a4"
"683","17d8e993d7f75939e9431b60ca7060e0"
"684","54ba7c80568552dce7bbca9fa6343374"
"685","d53e3e9fafd98db1f0fea09fa9f7246c"
"686","c4fab2e3f3f61f3cdf840d40364f9738"
"687","5234361e372a6670417c35edefb5e1d8"
"688","5b656ef7325c1d1eb40a1191f8bf85da"
"689","f9095e94c9ebd09d60d62379fcb526f8"
"690","726f59716363310b0165b87336aeed5f"
"691","eecd33519b9dedc9472639637187f97c"
"692","7fb7194a11e4abdd88688c8208270795"
"693","5d9fe1c4a8d107fdd0176fa923f85354"
"694","e09166cf7770561ab2e839f9b8991473"
"695","b55155609dfe85a392bea62ed313eeee"
"696","7e05edb03c526ce39b537f6f1c5ba346"
"697","e9b200564f2df0cd5e71b4349b1bf9c7"
"698","2bef85d74e92ffb40ccc2db42bbc1dc1"
"699","1da26efbe078f2c27c4413b3c86353db"
"700","18d81ed8ad0ce5249c7d0606645b9811"
"701","1a1471964993d81d996ea6169b688bc4"
"702","271d57a3a0dd4eb5457907efe53d8284"
"703","7f77777331ce012901bf45069d519902"
"704","2677f785e5cdd2154a4912479e1c635e"
"705","ed453273c9bf91109087fa3e0ac847a5"
"706","4f401e73188ba91ccfeacdb5dcf7d848"
"707","30346abbc7e6c49a65bfda9e13db3a6d"
"708","28e088fd2f7f9bdd6854e44712e3318a"
"709","558dc7e9af12831d0d592a747930a908"
"710","c064082e04ada93f057880bb68a39b93"
"711","f17e1920936bf031a2e765148dd28597"
"712","4839626820494ad4b522eb5350c5a99a"
"713","acef1e586a4199c47e627cb906b468ab"
"714","5d8bb30e0edbc188c5a7f62487649e8d"
"715","4dc0abe3d727666b2866e5f631512b27"
"716","49aba8ad9dc3d0ffb92f5656c7b54904"
"717","cfac9a3676e5284b127d2936ef824da8"
"718","d37af3c20c8a5c456b992276f585b25c"
"719","d50ad8fab193dd048d7c5c5a3e33fd81"
"720","1f75c067bdd39b1cbed9136d785e8f3c"
"721","0aeacd83026abb3797894515cf7fd262"
"722","0b45d16cc99dcdc9b5bc12b637c5d971"
"723","2533d90c79f13829fa5d0dde39a7931e"
"724","4e7d3d5d5167fab412535a61769d011e"
"725","f1749331353145c63288216e243cfbae"
"726","ccde27571b9ccd5f2018270294e0ff19"
"727","9107af9e4ab0766c43fd15901c926f3d"
"728","6021fd2e16f6dcc0efd00fb9e9f5198b"
"729","c6ebc08d6495e327d01cbd509e32f0c3"
"730","01e3d73fa64a2f6b2a0329089680ef4f"
"731","1fd9fbdfc5fc51e46aacfbd2f6bf4d71"
"732","a82b5b03e38db6d4d92ea8e355a272df"
"733","fdfd3ddacfa158fe5642f501a250a1b0"
"734","8f2d5dd3c02e06a586102c270fb7467d"
"735","23152b9aa8081fb6e364731e769d731a"
"736","8c5cee3730380c02ab2fb39f8c013053"
"737","3f03358c21fe581655fab75cda6aefc9"
"738","d8a73b1427c4bdc067bfe1d403f996a3"
"739","0c33134832f65051d9296c24b3195d46"
"740","41d08288e2062e3578ac2e95f799a2bf"
"741","9b3b4bb33c3f0ae40f5295faac8b148b"
"742","4fe562ecb01c5712b7af539993f34915"
"743","82342e879c1835654963307f25e3d947"
"744","b80d592a2b6c3c3fc1673dc21637ee6a"
"745","0d2fef790750acb309a2cc43311050e1"
"746","8e7aa5a1b23aae8f2fa2c024efd8d72c"
"747","d6ff6075e788276724a47d4e9433e5b5"
"748","6c845bf8242484c0fb38d816d2b36d33"
"749","4d6bbf7f9c896f271b7b8038c8e4d8f0"
"750","964ab363062a50e2ab438d8f93ea42dc"
"751","bab1dfb73e511d391c6849a0f5b5f1d7"
"752","038a0859b692c1e6f04597f8f7a6a196"
"753","cdbe25389c9e3ef1d9ef5f654f6c4fd9"
"754","ab64f10600fc153cb91ea9e3090469bd"
"755","b95e2146b9bc1f9f38dacb16afa751c1"
"756","4d7060d96184cac39c0e88753b2caa66"
"757","701bf528179914f1ea8980644c45702a"
"758","93de4e959490df5f046f91bc1cf91e8e"
"759","fa81a0d7b0efc0496fb2d6a14e97a1db"
"760","11966f074830881c73a19d1f3c9d801d"
"761","7949c90ddc2fc773c33d747f264c215a"
"762","3cdb2948bd3ad0943c0a87b8b0b49cd5"
"763","e9b993abe7c3b43a83b44662fa0bc5b3"
"764","55b196c7e18e3ec11d215db5beab28a3"
"765","1dbcd975c53406a54fd6449af674e0c8"
"766","5cc927a1c7ce5d5a458c69a5deee7931"
"767","dac058bc32e0943b2a35e7e4fea8338d"
"768","23e2362ca5907072d3be377145cd1bcb"
"769","85125408ea648cf8e6317b860cd2f1ac"
"770","e3bad245be46508bf90676fdcc0ca26b"
"771","0a5c76e37a78364e557e08b7b7f4a6bb"
"772","79d639cc91f540812817c1e732797ad9"
"773","f3b2a27d13464500005a89393e096e0e"
"774","8d63ce77d73ee3ab0b432854b7018331"
"775","106e8b75772b493881f6ddfabef3d0c1"
"776","b33930f5c458850ac8e382fe9bba4001"
"777","9e344ce90aa19d27cfb37b8a42dd3561"
"778","fe594f2e8a754c53ffbfdd69651e4efb"
"779","f8e1e643af2754bcd59d4d84361ecc8c"
"780","2132af0c69a9f55705b73b7eadf397dc"
"781","c357a7d4eade7ed830cc23b54139c249"
"782","1218e8f151e7520aa433b3c1cc43c1f5"
"783","25d506e8e4738c399f49096b1c9b7736"
"784","f8a3a4ebf3bbcecfdc5431f0d7711aed"
"785","05b3ff3ffa3d33475c762422c1085887"
"786","0e78f5423ef33d83c884c778a9e84fb0"
"787","a30f7c557c17f43e77119cdea6e75559"
"788","e6d09523bc6e378b2f16e55085514e61"
"789","c8cf1a18e46e40a7ab8d3398d6a9c9e3"
"790","e5adae9e96a5065fb7a94a7db136332e"
"791","c521233654b4170a64bccb7e0d043aff"
"792","8c416a118d681f229a7a6b59b8c48258"
"793","b0432b08b95cbc2cb7e69d4ae87019f6"
"794","cd9e50f9750f81880968fcbda9089090"
"795","f3ee74de7eead5fdc014bfd4d3c48295"
"796","482103ec92be800ddcbf8db069831ba6"
"797","5d2277cf994bb7d22f127b568db05139"
"798","c604b203d39f957467c7e0414aedd720"
"799","a420a2f8b54699410048941a6ca5c0af"
"800","d4114da37cc9fc1b1470b966c8d666b6"
"801","36837ef9b239a7890a6af9c74066f9b5"
"802","ea0f2eb1a59157bd23db839e4a584840"
"803","2e1be2c097ba2a038671450530cd918d"
"804","05adbf79158704f4d69b1c6df7bb7a50"
"805","76b5441a27aae3360d09f47c9b101b4f"
"806","ff30f2518828bdc3e3d77258b5729749"
"807","19aa7c0f7e1c1804b95e8ba6fe02980d"
"808","eb2708550c7042b6bcaaaa70a2619f2c"
"809","4e2e47fb4d28ce22f231626613daa2b6"
"810","043e84656b0027fc6a29619c435a51cb"
"811","510ba4022ffc78b56b67d7577c4d2db3"
"812","d6b89e6789c4524937a91bfa9cd2f64b"
"813","b7b54b056986d6f0aec5a03a7a837dae"
"814","7a8203f95741b7439bdf156a3635623c"
"815","cdda5676b856ca4be7209a1b3a2aca1a"
"816","22727c49aea7ca1eb4cfb829811c9256"
"817","45db645554e7dfee51e25e2ce6b918bd"
"818","b5714f9ad9041c6c186976a111b94c44"
"819","4492b33bbf53371ea352a72b33a04dbb"
"820","b90d40f1a87b2b7813b70a0b51a6e407"
"821","0f554aa2d9d2a91bfad1021f2682fea0"
"822","c5f877192bc6715960f1bd8005e2c3be"
"823","42f2cfad38b2b6fec02493e184ce538f"
"824","cb5a356a96db7e359b93f39057bcc674"
"825","e29e11c27cdd65f6bfe09c4840091cc8"
"826","46e6bfad75b1c565fbeb9a2249c31bc2"
"827","b24f74818d6c3fea372df8f537b3a280"
"828","b2ca9e53942ec00c357e2fef2e07a7cf"
"829","3334ddadd2f68f4f767c229665a55956"
"830","2492315a708d8c4de5b827277c354ff4"
"831","d25783acb2393966f967aad46b72c6c9"
"832","abf4f87e022b8dd771b92247581566d5"
"833","47ee95a4755285e2f376fc6677a86b92"
"834","fb2c4366cf3b10ea36e892dc28f4a97a"
"835","7ea549b78d0a14ade45725fb23cfb8aa"
"836","3adde34beba455c3879a47918e0d1c77"
"837","baa7513d72d9cdfed4572fca5152cc5e"
"838","9446ba4b3a6c328f429e7b601b85505f"
"839","b55c8042a258b5fc2f51897527803f52"
"840","7120baa135c8003a06735a6f5b7087fd"
"841","671554e981b8e647566ff04df1cf5d91"
"842","f6847401708522c4ea56b13b2d332d32"
"843","312055dd14c3c7e9b23df027e846d6e4"
"844","3e5aa9e0de10aeeea58a5345345e99ea"
"845","03296caf3fa6eb808ac51270bcfb0b28"
"846","38f82d290065ae7491cb50f600508cbe"
"847","a8944acd276341f91bcec37d657b0315"
"848","4bf08bd93610a18b5c2dd6c205979f21"
"849","2fef69a9baf521fdc9b24730a466d4ff"
"850","9b50373556e8e5f658798b323a452876"
"851","9ff9314b8621bd217f32b05328815dd8"
"852","38734b7d550a8ef81c278df8e019a8aa"
"853","a72ba4e06b063e1372eafe83ba28f9f7"
"854","5546cfabcdd60c134bdd5581ecb1d067"
"855","df12f0cbeafde6ec7a1ee430e70035ed"
"856","97949adf08418430c0916483fa25ddec"
"857","8956dd1c33a387f5ee457a682ad07994"
"858","7ca14e0d56187e724a4dfc106676b470"
"859","e305d2c39822214eb19e1f9c40b807c4"
"860","cd2b660c858eef0d62c4a913b706c858"
"861","3368d2e981d754ddd9799870c49958aa"
"862","7dab3345adb11499438c55cc8c188c09"
"863","4f98e15990e5629615aead14c69616ad"
"864","60b890405d718f1175d0131bc0d438a4"
"865","64691a01dd87d4f38ab04acde99c0d6a"
"866","c78e0de9e52a0926cc5028b7cb67db24"
"867","2d03cf3d334e3f32d7eb1ed442fbd3bc"
"868","71fbcd0857f5faf61533cf98906a5988"
"869","efb662384eb5f1f63f1c2bfa63921ac4"
"870","4c0085b7aae18f36e093169b768826bd"
"871","f224900ad5cada22b8aae43ae840b099"
"872","af20585eddbbfe062f445747f5e442db"
"873","e4117e6a3d7ece34851125e6d0191fbe"
"874","363261200f9dd5883aa2a2dc50ccc939"
"875","6a01ed9f84b304276c1c21f4cd4fdbb5"
"876","1d1baa517177307db40d52c55bb3509b"
"877","1d90f8d0293798c8f3ab9a39affe2d11"
"878","62d304cfd73bd84f1b09c88a77f3df98"
"879","6dfbf9ac1cab3966c2aae708bd4d3205"
"880","c88170da4cd1e58aaf6f7f8d41bff9b3"
"881","13a62ab4ca91db055f4f7ccea4c6a079"
"882","abc365a36a5fadaaae5af0ee0d2fb823"
"883","e7f8dcfdeb9418492ad7e1e941f117fe"
"884","18809051792520aafd6d9d16798276df"
"885","a64ce4c65ff5a1d46caeb87ebc28a7ae"
"886","805961f867858041622ca732021cc9c9"
"887","39d0987ae300991dcfcedf7f6d3778a6"
"888","c66d40694d4d93ac36bf6f717cde8974"
"889","9035c7229c4f32f172f4537254351a25"
"890","df025967cfff6cd99d4eddf4b5fec0a7"
"891","3f4cfdf8c4e7b31174ec44834070561c"
"892","0ef9c848811a7d05e49ab8290d17ba3a"
"893","4e43d2b5baa0082c7e42921ce45e4dde"
"894","8629372f1e4bf7d370e93547c9571d1f"
"895","e06f50344798d12e83c6e163975ad4cd"
"896","36843b4878e6003804119e4f4bc699ca"
"897","eb057d99af2bf07ebc92adc72e8987a0"
"898","cc47a85ec2e6717b8da1930f2ba50074"
"899","aac6bfb0726ef445f84543c10bfd3309"
"900","2aae7eb168733bd9c2999334d87c3ec5"
"901","9f4510e578b7eae3c20634ebba4762ff"
"902","db3322a3c1e8b1b24c4d9601a8124213"
"903","a5f4c76a9f3f07bde93e3cf7ee9d08b3"
"904","d850fb42f0ade85c6607cf9ab1223c13"
"905","185e4e0d8237652eb8a42c05db02d95e"
"906","a309d13b160e1e8e0bbcfb439398e0ef"
"907","e0bcd67e37d43165add5c7c89efb52fb"
"908","01e781c17fa114c106d91684d32b5e97"
"909","7dc4308137ebb446ced6dd2d153892b1"
"910","76263c0ca184c3f3015e2a039e31c85e"
"911","45751784491807996da47e62a9c26e01"
"912","fda51e54152a20ad0873e188137c3f60"
"913","72572c34c692a5d0bd5c0c13f9eb7bac"
"914","4e4e7bbf79e1cdeb7bf4827059eb9133"
"915","d1dbb4d0f0da08a6873f7deb3cdd3044"
"916","a8316cc973070f049e10b6449b4208a7"
"917","610e6eddabffe9cc72d6a7939f4de4ea"
"918","6f5fd1f87bdce9ac49424a941be4911b"
"919","e205b6abf77c72217bc09d8b1566844b"
"920","4ccbf653434e26392a4a0f6a8a03b64d"
"921","12bf355869c51c43950a7ce934b5a0c3"
"922","4040f83030d99604c9292f47ded6ab33"
